<?xml version="1.0" encoding="utf-8"?>
<!DOCTYPE hibernate-mapping PUBLIC "-//Hibernate/Hibernate Mapping DTD 3.0//EN"
"http://www.hibernate.org/dtd/hibernate-mapping-3.0.dtd">
<!-- 
    Mapping file autogenerated by MyEclipse Persistence Tools
-->
<hibernate-mapping>
    <class name="com.model.AllDiscussionUser" table="allDiscussion_User" schema="dbo" catalog="AllDiscussion">
        <id name="userId" type="java.lang.String">
            <column name="userId" length="50" />
            <generator class="uuid" />
        </id>
        <many-to-one name="allDiscussionMananger" class="com.model.AllDiscussionMananger" fetch="select">
            <column name="managerId" length="50" />
        </many-to-one>
        <many-to-one name="allDiscussionVip" class="com.model.AllDiscussionVip" fetch="select">
            <column name="VIPId" length="50" />
        </many-to-one>
        <property name="userName" type="java.lang.String">
            <column name="userName" length="20" not-null="true" unique="true" />
        </property>
        <property name="passWord" type="java.lang.String">
            <column name="passWord" length="20" not-null="true" />
        </property>
        <property name="deleteFlag" type="java.lang.Integer">
            <column name="deleteFlag" not-null="true" />
        </property>
        <property name="operater" type="java.lang.String">
            <column name="operater" length="10" />
        </property>
        <property name="nowTime" type="java.sql.Timestamp">
            <column name="nowTime" length="23" not-null="true" />
        </property>
    </class>
</hibernate-mapping>
