<?xml version="1.0" encoding="utf-8"?>
<!DOCTYPE hibernate-mapping PUBLIC "-//Hibernate/Hibernate Mapping DTD 3.0//EN"
"http://www.hibernate.org/dtd/hibernate-mapping-3.0.dtd">
<!-- 
    Mapping file autogenerated by MyEclipse Persistence Tools
-->
<hibernate-mapping>
    <class name="com.model.AllDiscussionVip" table="allDiscussion_VIP" schema="dbo" catalog="AllDiscussion">
        <id name="vipid" type="java.lang.String">
            <column name="VIPId" length="50" />
            <generator class="uuid" />
        </id>
        <many-to-one name="allDiscussionCity" class="com.model.AllDiscussionCity" fetch="select">
            <column name="cityId" not-null="true" />
        </many-to-one>
        <many-to-one name="allDiscussionSign" class="com.model.AllDiscussionSign" fetch="select">
            <column name="signId" not-null="true" />
        </many-to-one>
        <many-to-one name="allDiscussionHead" class="com.model.AllDiscussionHead" fetch="select">
            <column name="headId" length="50" not-null="true" />
        </many-to-one>
        <property name="name" type="java.lang.String">
            <column name="name" length="20" not-null="true" unique="true" />
        </property>
        <property name="sex" type="java.lang.String">
            <column name="sex" length="2" not-null="true" />
        </property>
        <property name="phoneNumber" type="java.lang.Long">
            <column name="phoneNumber" precision="11" scale="0" />
        </property>
        <property name="personalText" type="java.lang.String">
            <column name="personalText" />
        </property>
        <property name="brithday" type="java.sql.Timestamp">
            <column name="brithday" length="23" />
        </property>
        <property name="email" type="java.lang.String">
            <column name="email" length="20" not-null="true" />
        </property>
        <property name="deletwFlag" type="java.lang.Integer">
            <column name="deletwFlag" not-null="true" />
        </property>
        <property name="operater" type="java.lang.String">
            <column name="operater" length="10" />
        </property>
        <property name="private_" type="java.lang.Integer">
            <column name="private" not-null="true" />
        </property>
        <set name="allDiscussionCradses" inverse="true">
            <key>
                <column name="VIPId" length="50" not-null="true" />
            </key>
            <one-to-many class="com.model.AllDiscussionCrads" />
        </set>
        <set name="allDiscussionUsers" inverse="true">
            <key>
                <column name="VIPId" length="50" not-null="true" />
            </key>
            <one-to-many class="com.model.AllDiscussionUser" />
        </set>
        <set name="allDiscussionChatObjectsForPersonalId" inverse="true">
            <key>
                <column name="personalId" length="50" not-null="true" />
            </key>
            <one-to-many class="com.model.AllDiscussionChatObject" />
        </set>
        <set name="allDiscussionChats" inverse="true">
            <key>
                <column name="VIPId" length="50" not-null="true" />
            </key>
            <one-to-many class="com.model.AllDiscussionChat" />
        </set>
        <set name="allDiscussionCradses_1" table="allDiscussion_Collection" schema="dbo" catalog="AllDiscussion">
            <key>
                <column name="VIPId" length="50" not-null="true" />
            </key>
            <many-to-many entity-name="com.model.AllDiscussionCrads">
                <column name="cardsId" length="50" not-null="true" />
            </many-to-many>
        </set>
        <set name="allDiscussionHatesForPersonalId" inverse="true">
            <key>
                <column name="personalId" length="50" not-null="true" />
            </key>
            <one-to-many class="com.model.AllDiscussionHate" />
        </set>
        <set name="allDiscussionChatObjectsForObjectId" inverse="true">
            <key>
                <column name="objectId" length="50" not-null="true" />
            </key>
            <one-to-many class="com.model.AllDiscussionChatObject" />
        </set>
        <set name="allDiscussionHatesForObjectHateId" inverse="true">
            <key>
                <column name="objectHateId" length="50" not-null="true" />
            </key>
            <one-to-many class="com.model.AllDiscussionHate" />
        </set>
        <set name="allDiscussionRecrods" inverse="true">
            <key>
                <column name="VIPId" length="50" not-null="true" />
            </key>
            <one-to-many class="com.model.AllDiscussionRecrod" />
        </set>
    </class>
</hibernate-mapping>
