<?xml version="1.0" encoding="utf-8"?>
<!DOCTYPE hibernate-mapping PUBLIC "-//Hibernate/Hibernate Mapping DTD 3.0//EN"
"http://www.hibernate.org/dtd/hibernate-mapping-3.0.dtd">
<!-- 
    Mapping file autogenerated by MyEclipse Persistence Tools
-->
<hibernate-mapping>
    <class name="com.model.AllDiscussionSign" table="allDiscussion_Sign" schema="dbo" catalog="AllDiscussion">
        <id name="signId" type="java.lang.Integer">
            <column name="signId" />
            <generator class="native" />
        </id>
        <property name="nowTime" type="java.sql.Timestamp">
            <column name="nowTime" length="23" not-null="true" />
        </property>
        <property name="countNumber" type="java.lang.Integer">
            <column name="countNumber" not-null="true" />
        </property>
        <property name="lastTime" type="java.sql.Timestamp">
            <column name="lastTime" length="23" not-null="true" />
        </property>
        <property name="operater" type="java.lang.String">
            <column name="operater" length="10" />
        </property>
        <set name="allDiscussionVips" inverse="true">
            <key>
                <column name="signId" not-null="true" />
            </key>
            <one-to-many class="com.model.AllDiscussionVip" />
        </set>
    </class>
</hibernate-mapping>
