<?xml version="1.0" encoding="UTF-8" ?>
<!DOCTYPE struts PUBLIC
	    "-//Apache Software Foundation//DTD Struts Configuration 2.0//EN"
	    "http://struts.apache.org/dtds/struts-2.0.dtd">
<struts>

	<package name="struts2" extends="struts-default"
		namespace="/">
			<interceptors>
			<interceptor name="myAuth"
				class="checkInterceptor"></interceptor>
			<interceptor-stack name="myDefaultStack">
				<interceptor-ref name="defaultStack"></interceptor-ref>
				<interceptor-ref name="myAuth"></interceptor-ref>
			</interceptor-stack>
		</interceptors>
		
		
		<default-interceptor-ref name="myDefaultStack"></default-interceptor-ref>
		
<global-results>
<result name="login" type="redirect">/loginJsp.jsp</result>
</global-results>


		<action name="loginAction" class="loginAction">
		<interceptor-ref name="fileUpload">
				<!-- 配置允许上传的文件类型，多个用","分隔 -->
				<param name="allowedTypes">
					image/bmp,image/png,image/gif,image/jpeg,image/jpg
					,image/x-png, image/pjpeg
				</param>
				<param name="maximumSize">10240000</param>
			</interceptor-ref>
			  <interceptor-ref name="myDefaultStack" />
			<param name="savePath">/image</param>
			
			
			<result name="login_error">/loginJsp.jsp</result>
			<result name="register_success" >/loginJsp.jsp</result>
			<result name="register_error">/registerJsp.jsp</result>
			<result name="outLogin_success">/loginJsp.jsp</result>
			
			<result name="login_success" type="redirectAction">
			<param name="actionName">mainAction</param>
			<param name="method">preShowConversationAction</param>
			</result>
			
			<result name="managerLogin_success">/index.jsp</result>
			<result name="managerLogin_error">/managerLoginJsp.jsp</result>
		</action>
		
		<action name="mainAction" class="mainAction">
			<interceptor-ref name="fileUpload">
				<!-- 配置允许上传的文件类型，多个用","分隔 -->
				<param name="allowedTypes">
					image/bmp,image/png,image/gif,image/jpeg,image/jpg
					,image/x-png, image/pjpeg
				</param>
				<param name="maximumSize">10240000</param>
			</interceptor-ref>
			   <interceptor-ref name="myDefaultStack" />
			<param name="savePath">/image</param>
			
			<result name="makePublicCon_success" type="redirectAction">
			<param name="actionName">mainAction</param>
			<param name="method">preShowConversationAction</param>
            </result>
			
			<result name="makePublicCon_error">/index.jsp</result>
			<result name="makePublicCra_Remar_success_card" type="redirectAction">
			<param name="actionName">mainAction</param>
			<param name="method">preShowCardAction</param>
			<param name="cardId">${cardId}</param>
		
			</result>
			<result name="makePublicCra_Remar_success_Remar" type="redirectAction">
			<param name="actionName">mainAction</param>
			<param name="method">preShowRemarkAction</param>
			<param name="cardId">${cardId}</param>
			</result>
			<result name="makePublicCra_Remar_success_Remar_Rem" type="redirectAction">
			<param name="actionName">mainAction</param>
			<param name="method">preShowRemarkRemAction</param>
			<param name="cardId">${cardId}</param>
			</result>
			
			
			<result name="showConversation_success">/showConversationJsp.jsp</result>
			<result name="preShowConversation_success">/showConversationJsp.jsp</result>
			<result name="preShowCard_success">/showCardsJsp.jsp</result>
			<result name="showCard_success">/showCardsJsp.jsp</result>
			<result name="showRemark_success">/showRemarkJsp.jsp</result>
			<result name="preShowRemark_success">/showRemarkJsp.jsp</result>
			<result name="showRemarkRem_success">/showRemarkRemJsp.jsp</result>
			<result name="preShowRemarkRem_success">/showRemarkRemJsp.jsp</result>
			<result name="input">/index.jsp</result>
			<result name="showPersonal_success">/personalJsp.jsp</result>
			
			<result name="collectionAction_success_card" type="redirectAction">
		    <param name="actionName">mainAction</param>
			<param name="method">showCardAction</param>
			<param name="currentPage">${currentPage}</param>
			</result>
			
			<result name="collectionAction_success_Conversation" type="redirectAction">
		    <param name="actionName">mainAction</param>
			<param name="method">showConversationAction</param>
			<param name="currentPage">${currentPage}</param>
			</result>
			
			<result name="cancelCollectionAction_success_card" type="redirectAction">
		    <param name="actionName">mainAction</param>
			<param name="method">showCardAction</param>
			<param name="currentPage">${currentPage}</param>
			</result>
			
		    <result name="cancelCollectionAction_success_Conversation" type="redirectAction">
		    <param name="actionName">mainAction</param>
			<param name="method">showConversationAction</param>
			<param name="currentPage">${currentPage}</param>
			</result>
			
			
			<result name="cancelCollectionAction_success_personal" type="redirectAction">
		    <param name="actionName">personalAction</param>
			<param name="method">preShowPersonal</param>
			</result>
			
			
			<result name="changeGoodAction_success_card" type="redirectAction">
		    <param name="actionName">mainAction</param>
			<param name="method">showCardAction</param>
			<param name="currentPage">${currentPage}</param>
			</result>
			
			
			<result name="changeGoodAction_success_Remark" type="redirectAction">
		    <param name="actionName">mainAction</param>
			<param name="method">showRemarkAction</param>
			<param name="currentPage">${currentPage}</param>
			</result>
			
			<result name="changeGoodAction_success_Conversation" type="redirectAction">
			<param name="actionName">mainAction</param>
			<param name="method">showConversationAction</param>
			<param name="currentPage">${currentPage}</param>
			</result>
			
			<result name="addHateObjectAction_success" type="redirectAction">
			<param name="actionName">mainAction</param>
			<param name="method">preShowConversationAction</param>
			</result>
			
		</action>
		
		<action name="personalAction" class="personalAction">
		<interceptor-ref name="fileUpload">
				<!-- 配置允许上传的文件类型，多个用","分隔 -->
				<param name="allowedTypes">
					image/bmp,image/png,image/gif,image/jpeg,image/jpg
					,image/x-png, image/pjpeg
				</param>
				<param name="maximumSize">10240000</param>
			</interceptor-ref>
			   <interceptor-ref name="myDefaultStack" />
			<param name="savePath">/image</param>
		
		   <result name="showPersonal_success">/myPersonalJsp.jsp</result>
			<result name="preShowPersonal_success">/myPersonalJsp.jsp</result>
			<result name="showAllCollection_success">/allCollectionCardsJsp.jsp</result>
			
			<result name="deleteHate_success" type="redirectAction">
			<param name="actionName">personalAction</param>
			<param name="method">preShowPersonal</param>
			</result>
			
			<result name="addSgin_success" type="redirectAction">
			<param name="actionName">personalAction</param>
			<param name="method">preShowPersonal</param>
			</result>
			
			<result name="modifyPersonal_success" type="redirectAction">
			<param name="actionName">personalAction</param>
			<param name="method">preShowPersonal</param>
			</result>
			
			<result name="showAllCardTidings_success">/allTidingsJsp.jsp</result>
			<result name="showAllRecord_success">/allRecordJsp.jsp</result>
			<result name="showAllHate_success">/allHateJsp.jsp</result>
		</action>
		
		<action name="chatAction" class="chatAction">
		<interceptor-ref name="fileUpload">
				<!-- 配置允许上传的文件类型，多个用","分隔 -->
				<param name="allowedTypes">
					image/bmp,image/png,image/gif,image/jpeg,image/jpg
					,image/x-png, image/pjpeg
				</param>
				<param name="maximumSize">10240000</param>
			</interceptor-ref>
			   <interceptor-ref name="myDefaultStack" />
			<param name="savePath">/image</param>
			
			<result name="getCardVip_success" type="redirectAction">
			<param name="actionName">chatAction</param>
			<param name="method">showChat</param>
			</result>
			<result name="showChat_success">/showChatJsp.jsp</result>
			
		<result name="addChatObject_success" type="redirectAction">
		<param name="actionName">chatAction</param>
			<param name="method">showChat</param>
			<param name="vipId">${vipId}</param>
		</result>
		
		<result name="showChatPersonal_success">/showChatObjectJsp.jsp</result>
		<result name="getFriendVip_success">/addFriendJsp.jsp</result>
		
		<result name="addFriendAction_success" type="redirectAction">
		<param name="actionName">chatAction</param>
			<param name="method">getCardVip</param>
			<param name="vipId">${vipId}</param>
		</result>
		
		<result name="updateFriend_success" type="redirectAction">
		<param name="actionName">personalAction</param>
		<param name="method">preShowPersonal</param>
		</result>
		
		<result name="deleteFriend_success" type="redirectAction">
		<param name="actionName">chatAction</param>
		<param name="method">showChatPersonal</param>
		</result>
		</action>
		
		
		
		<action name="querySthAction" class="querySthAction">
		<result name="showResult_success">/showResultJsp.jsp</result>
		</action>
		
			<action name="backManagementAction" class="backManagementAction">
			<result name="ShowAllUser">/back_management/ShowAllUser.jsp
			</result>
			<result name="ShowAllCards">/back_management/ShowAllCards.jsp
			</result>
			<result name="ShowAllConversation">/back_management/ShowAllConversation.jsp
			</result>
		</action>
		
		
	</package>

	<constant name="struts.objectFactory" value="spring"></constant>

</struts>