<?xml version="1.0" encoding="UTF-8" ?>
<!DOCTYPE struts PUBLIC
	    "-//Apache Software Foundation//DTD Struts Configuration 2.0//EN"
	    "http://struts.apache.org/dtds/struts-2.0.dtd">
<struts>

	<package name="struts2_login" extends="struts-default"
		namespace="/">
		<action name="loginAction" class="loginAction">
			<result name="login_success">/index.jsp</result>
			<result name="login_error">/index.jsp</result>
			<result name="register_success">/index.jsp</result>
			<result name="register_error">/index.jsp</result>
		</action>

	</package>

	<constant name="struts.objectFactory" value="spring"></constant>

</struts>