<?xml version="1.0" encoding="utf-8"?>
<!DOCTYPE hibernate-mapping PUBLIC "-//Hibernate/Hibernate Mapping DTD 3.0//EN"
"http://www.hibernate.org/dtd/hibernate-mapping-3.0.dtd">
<!-- 
    Mapping file autogenerated by MyEclipse Persistence Tools
-->
<hibernate-mapping>
    <class name="com.model.AllDiscussionMananger" table="allDiscussion_Mananger" schema="dbo" catalog="AllDiscussion">
        <id name="managerId" type="java.lang.String">
            <column name="managerId" length="50" />
            <generator class="uuid" />
        </id>
        <property name="name" type="java.lang.String">
            <column name="name" length="20" not-null="true" />
        </property>
        <property name="remark" type="java.lang.String">
            <column name="remark" />
        </property>
        <property name="deleteFlag" type="java.lang.Integer">
            <column name="deleteFlag" />
        </property>
        <set name="allDiscussionUsers" inverse="true">
            <key>
                <column name="managerId" length="50" not-null="true" />
            </key>
            <one-to-many class="com.model.AllDiscussionUser" />
        </set>
    </class>
</hibernate-mapping>
