<?xml version="1.0" encoding="utf-8"?>
<!DOCTYPE hibernate-mapping PUBLIC "-//Hibernate/Hibernate Mapping DTD 3.0//EN"
"http://www.hibernate.org/dtd/hibernate-mapping-3.0.dtd">
<!-- 
    Mapping file autogenerated by MyEclipse Persistence Tools
-->
<hibernate-mapping>
    <class name="com.model.AllDiscussionHate" table="allDiscussion_Hate" schema="dbo" catalog="AllDiscussion">
        <composite-id name="id" class="com.model.AllDiscussionHateId">
            <key-many-to-one name="allDiscussionVip" class="com.model.AllDiscussionVip" lazy="false">
                <column name="personalId" length="50" />
            </key-many-to-one>
            <key-many-to-one name="allDiscussionVip_1" class="com.model.AllDiscussionVip" lazy="false">
                <column name="objectHateId" length="50" />
            </key-many-to-one>
        </composite-id>
        <property name="deleteFlag" type="java.lang.Integer">
            <column name="deleteFlag" />
        </property>
    </class>
</hibernate-mapping>
