<?xml version="1.0" encoding="utf-8"?>
<!DOCTYPE hibernate-mapping PUBLIC "-//Hibernate/Hibernate Mapping DTD 3.0//EN"
"http://www.hibernate.org/dtd/hibernate-mapping-3.0.dtd">
<!-- 
    Mapping file autogenerated by MyEclipse Persistence Tools
-->
<hibernate-mapping>
    <class name="com.model.AllDiscussionChatObject" table="allDiscussion_ChatObject" schema="dbo" catalog="AllDiscussion">
        <composite-id name="id" class="com.model.AllDiscussionChatObjectId">
            <key-many-to-one name="allDiscussionVip" class="com.model.AllDiscussionVip" lazy="false">
                <column name="personalId" length="50" />
            </key-many-to-one>
            <key-many-to-one name="allDiscussionVip_1" class="com.model.AllDiscussionVip" lazy="false">
                <column name="objectId" length="50" />
            </key-many-to-one>
            <key-many-to-one name="allDiscussionChat" class="com.model.AllDiscussionChat" lazy="false">
                <column name="chatId" length="50" />
            </key-many-to-one>
        </composite-id>
        <property name="deletFlag" type="java.lang.Integer">
            <column name="deletFlag" />
        </property>
        <property name="isFriends" type="java.lang.Integer">
            <column name="isFriends" />
        </property>
         <property name="updateTime" type="java.sql.Timestamp">
            <column name="updateTime" length="23" />
        </property>
         <property name="tidings" type="java.lang.Integer">
            <column name="tidings"/>
        </property>
         <property name="statusFriend" type="java.lang.Integer">
            <column name="statusFriend"/>
        </property>
        
    </class>
</hibernate-mapping>
