<?xml version="1.0" encoding="utf-8"?>
<!DOCTYPE hibernate-mapping PUBLIC "-//Hibernate/Hibernate Mapping DTD 3.0//EN"
"http://www.hibernate.org/dtd/hibernate-mapping-3.0.dtd">
<!-- 
    Mapping file autogenerated by MyEclipse Persistence Tools
-->
<hibernate-mapping>
    <class name="com.model.AllDiscussionHead" table="allDiscussion_head" schema="dbo" catalog="AllDiscussion">
        <id name="headId" type="java.lang.String">
            <column name="headId" length="50" />
            <generator class="uuid" />
        </id>
        <property name="nowhead" type="java.lang.String">
            <column name="nowhead" length="20" not-null="true" />
        </property>
        <property name="lasthead" type="java.lang.String">
            <column name="lasthead" length="20" not-null="true" />
        </property>
    </class>
</hibernate-mapping>
