<?xml version="1.0" encoding="UTF-8"?>
<beans xmlns="http://www.springframework.org/schema/beans"
	xmlns:xsi="http://www.w3.org/2001/XMLSchema-instance" xmlns:p="http://www.springframework.org/schema/p"
	xmlns:tx="http://www.springframework.org/schema/tx" xmlns:aop="http://www.springframework.org/schema/aop"
	xmlns:context="http://www.springframework.org/schema/context"
	xsi:schemaLocation="http://www.springframework.org/schema/beans http://www.springframework.org/schema/beans/spring-beans-4.1.xsd
		http://www.springframework.org/schema/context http://www.springframework.org/schema/context/spring-context-4.1.xsd
		http://www.springframework.org/schema/aop http://www.springframework.org/schema/aop/spring-aop-4.1.xsd
		http://www.springframework.org/schema/tx http://www.springframework.org/schema/tx/spring-tx.xsd">
	<context:annotation-config />
	<aop:aspectj-autoproxy />
	<bean id="dataSource" class="org.apache.commons.dbcp.BasicDataSource">
		<property name="url" value="jdbc:sqlserver://localhost:1433;databaseName=AllDiscussion;"></property>
		<property name="username" value="sa"></property>
		<property name="password" value="123456"></property>
		<property name="driverClassName" value="com.microsoft.sqlserver.jdbc.SQLServerDriver" />
	</bean>
	<bean id="sessionFactory"
		class="org.springframework.orm.hibernate4.LocalSessionFactoryBean">
		<property name="dataSource">
			<ref bean="dataSource" />
		</property>
		<property name="hibernateProperties">
			<props>
				<prop key="hibernate.dialect">
					org.hibernate.dialect.SQLServerDialect
				</prop>

				<prop key="hibernate.show_sql">true</prop>

			</props>
		</property>
		<property name="mappingResources">
			<list>
				<value>
					com/model/AllDiscussionConversation.hbm.xml
				</value>
				<value>com/model/AllDiscussionRecrod.hbm.xml</value>
				<value>com/model/AllDiscussionVip.hbm.xml</value>
				<value>com/model/AllDiscussionChatObject.hbm.xml</value>
				<value>com/model/AllDiscussionCity.hbm.xml</value>
				<value>com/model/AllDiscussionCrads.hbm.xml</value>
				<value>com/model/AllDiscussionChat.hbm.xml</value>
				<value>com/model/AllDiscussionHate.hbm.xml</value>
				<value>com/model/AllDiscussionSign.hbm.xml</value>
				<value>com/model/AllDiscussionUser.hbm.xml</value>
				<value>com/model/AllDiscussionMananger.hbm.xml</value>
				<value>com/model/AllDiscussionHead.hbm.xml</value>
			</list>
		</property>
	</bean>
	<bean id="transactionManager"
		class="org.springframework.orm.hibernate4.HibernateTransactionManager">
		<property name="sessionFactory" ref="sessionFactory" />
	</bean>
	<tx:annotation-driven transaction-manager="transactionManager" />
	<bean id="loginDao" class="com.ad.dao.login_system.impl.LoginDAOImpl"></bean>
	<bean id="loginManager" class="com.ad.service.login_system.impl.LoginManagerImpl"></bean>
	<bean id="loginAction" class="com.ad.action.login_system.LoginAction"></bean>
	<bean id="mainDao" class="com.ad.dao.main_system.impl.MainDAOImpl"></bean>
	<bean id="mainManager" class="com.ad.service.main_system.impl.MainManagerImpl"></bean>
	<bean id="mainAction" class="com.ad.action.main_system.MainAction"></bean>
	<bean id="page" class="com.ad.tools.Page"></bean>
	<bean id="personalAction" class="com.ad.action.personal_system.PersonalAction"></bean>
	<bean id="PersonalManager" class="com.ad.service.personal_system.impl.PersonalManagerImpl"></bean>
	<bean id="PersonalDao" class="com.ad.dao.personal_system.impl.PersonalDAOImpl"></bean>
</beans>