<?xml version="1.0" encoding="UTF-8" ?>
<!DOCTYPE struts PUBLIC
	    "-//Apache Software Foundation//DTD Struts Configuration 2.0//EN"
	    "http://struts.apache.org/dtds/struts-2.0.dtd">
<struts>

	<package name="struts2" extends="struts-default"
		namespace="/">
		<action name="loginAction" class="loginAction">
		<interceptor-ref name="fileUpload">
				<!-- 配置允许上传的文件类型，多个用","分隔 -->
				<param name="allowedTypes">
					image/bmp,image/png,image/gif,image/jpeg,image/jpg
					,image/x-png, image/pjpeg
				</param>
				<param name="maximumSize">10240000</param>
			</interceptor-ref>
			<interceptor-ref name="defaultStack"></interceptor-ref>
			<param name="savePath">/image</param>
			
			<result name="login_success">/index.jsp</result>
			<result name="login_error">/index.jsp</result>
			<result name="register_success">/index.jsp</result>
			<result name="register_error">/index.jsp</result>
		</action>
		
		<action name="mainAction" class="mainAction">
			<interceptor-ref name="fileUpload">
				<!-- 配置允许上传的文件类型，多个用","分隔 -->
				<param name="allowedTypes">
					image/bmp,image/png,image/gif,image/jpeg,image/jpg
					,image/x-png, image/pjpeg
				</param>
				<param name="maximumSize">10240000</param>
			</interceptor-ref>
			<interceptor-ref name="defaultStack"></interceptor-ref>
			<param name="savePath">/image</param>
			
			<result name="makePublicCon_success" type="redirectAction">
			<param name="actionName">mainAction</param>
			<param name="method">preShowConversationAction</param>
            </result>
			
			<result name="makePublicCon_error">/index.jsp</result>
			<result name="makePublicCra_Remar_success_card" type="redirectAction">
			<param name="actionName">mainAction</param>
			<param name="method">preShowCardAction</param>
			<param name="cardId">${cardId}</param>
		
			</result>
			<result name="makePublicCra_Remar_success_Remar" type="redirectAction">
			<param name="actionName">mainAction</param>
			<param name="method">preShowRemarkAction</param>
			<param name="cardId">${cardId}</param>
			</result>
			<result name="makePublicCra_Remar_success_Remar_Rem" type="redirectAction">
			<param name="actionName">mainAction</param>
			<param name="method">preShowRemarkRemAction</param>
			<param name="cardId">${cardId}</param>
			</result>
			
			
			<result name="showConversation_success">/showConversationJsp.jsp</result>
			<result name="preShowConversation_success">/showConversationJsp.jsp</result>
			<result name="preShowCard_success">/showCardsJsp.jsp</result>
			<result name="showCard_success">/showCardsJsp.jsp</result>
			<result name="showRemark_success">/showRemarkJsp.jsp</result>
			<result name="preShowRemark_success">/showRemarkJsp.jsp</result>
			<result name="showRemarkRem_success">/showRemarkRemJsp.jsp</result>
			<result name="preShowRemarkRem_success">/showRemarkRemJsp.jsp</result>
			<result name="input">/index.jsp</result>
			<result name="showPersonal_success">/personalJsp.jsp</result>
			
			<result name="collectionAction_success_card" type="redirectAction">
		    <param name="actionName">mainAction</param>
			<param name="method">preShowCardAction</param>
			<param name="cardId">${cardId}</param>
			</result>
			
			<result name="collectionAction_success_Conversation" type="redirectAction">
		    <param name="actionName">mainAction</param>
			<param name="method">preShowConversationAction</param>
			<param name="cardId">${cardId}</param>
			</result>
			
			<result name="cancelCollectionAction_success_card" type="redirectAction">
		    <param name="actionName">mainAction</param>
			<param name="method">preShowCardAction</param>
			<param name="cardId">${cardId}</param>
			</result>
			
		    <result name="cancelCollectionAction_success_Conversation" type="redirectAction">
		    <param name="actionName">mainAction</param>
			<param name="method">preShowConversationAction</param>
			<param name="cardId">${cardId}</param>
			</result>
			
			<result name="changeGoodAction_success_card" type="redirectAction">
		    <param name="actionName">mainAction</param>
			<param name="method">preShowCardAction</param>
			<param name="cardId">${cardId}</param>
			</result>
			
			<result name="changeGoodAction_success_Conversation" type="redirectAction">
		    <param name="actionName">mainAction</param>
			<param name="method">preShowConversationAction</param>
			<param name="cardId">${cardId}</param>
			</result>
			
			<result name="changeGoodAction_success">/index.jsp</result>
			<result name="addHateObjectAction_success">/index.jsp</result>
			<result name="addFriendAction_success">/index.jsp</result>
			<result name="addChatObject_success">/index.jsp</result>
		</action>
		
		<action name="personalAction" class="personalAction">
		<interceptor-ref name="fileUpload">
				<!-- 配置允许上传的文件类型，多个用","分隔 -->
				<param name="allowedTypes">
					image/bmp,image/png,image/gif,image/jpeg,image/jpg
					,image/x-png, image/pjpeg
				</param>
				<param name="maximumSize">10240000</param>
			</interceptor-ref>
			<interceptor-ref name="defaultStack"></interceptor-ref>
			<param name="savePath">/image</param>
		
		<result name="showPersonal_success">/myPersonalJsp.jsp</result>
			<result name="preShowPersonal_success">/myPersonalJsp.jsp</result>
			
			
		</action>
		
		

	</package>

	<constant name="struts.objectFactory" value="spring"></constant>

</struts>