<?xml version="1.0" encoding="utf-8"?>
<!DOCTYPE hibernate-mapping PUBLIC "-//Hibernate/Hibernate Mapping DTD 3.0//EN"
"http://www.hibernate.org/dtd/hibernate-mapping-3.0.dtd">
<!-- 
    Mapping file autogenerated by MyEclipse Persistence Tools
-->
<hibernate-mapping>
    <class name="com.model.AllDiscussionRecrod" table="allDiscussion_Recrod" schema="dbo" catalog="AllDiscussion">
        <composite-id name="id" class="com.model.AllDiscussionRecrodId">
            <key-many-to-one name="allDiscussionCrads" class="com.model.AllDiscussionCrads">
                <column name="cardsId" length="50" />
            </key-many-to-one>
            <key-many-to-one name="allDiscussionVip" class="com.model.AllDiscussionVip">
                <column name="VIPId" length="50" />
            </key-many-to-one>
        </composite-id>
        <property name="time" type="java.sql.Timestamp">
            <column name="time" length="23" />
        </property>
    </class>
</hibernate-mapping>
