<?xml version="1.0" encoding="utf-8"?>
<!DOCTYPE hibernate-mapping PUBLIC "-//Hibernate/Hibernate Mapping DTD 3.0//EN"
"http://www.hibernate.org/dtd/hibernate-mapping-3.0.dtd">
<!-- 
    Mapping file autogenerated by MyEclipse Persistence Tools
-->
<hibernate-mapping>
    <class name="com.model.AllDiscussionCity" table="allDiscussion_City" schema="dbo" catalog="AllDiscussion">
        <id name="cityId" type="java.lang.Integer">
            <column name="cityId" />
            <generator class="native" />
        </id>
        <property name="name" type="java.lang.String">
            <column name="name" length="20" not-null="true" />
        </property>
        <property name="type" type="java.lang.Short">
            <column name="type" not-null="true" />
        </property>
        <property name="path" type="java.lang.String">
            <column name="path" length="200" />
        </property>
        <property name="opterstor" type="java.lang.String">
            <column name="opterstor" length="10" />
        </property>
        <set name="allDiscussionVips" inverse="true">
            <key>
                <column name="cityId" not-null="true" />
            </key>
            <one-to-many class="com.model.AllDiscussionVip" />
        </set>
        <set name="allDiscussionConversations" inverse="true">
            <key>
                <column name="cityId" not-null="true" />
            </key>
            <one-to-many class="com.model.AllDiscussionConversation" />
        </set>
    </class>
</hibernate-mapping>
