<?xml version="1.0" encoding="utf-8"?>
<!DOCTYPE hibernate-mapping PUBLIC "-//Hibernate/Hibernate Mapping DTD 3.0//EN"
"http://www.hibernate.org/dtd/hibernate-mapping-3.0.dtd">
<!-- 
    Mapping file autogenerated by MyEclipse Persistence Tools
-->
<hibernate-mapping>
    <class name="com.model.AllDiscussionCrads" table="allDiscussion_Crads" schema="dbo" catalog="AllDiscussion">
        <id name="cardsId" type="java.lang.String">
            <column name="cardsId" length="50" />
            <generator class="uuid" />
        </id>
        <version name="version"></version>
        <many-to-one name="allDiscussionConversation" class="com.model.AllDiscussionConversation" lazy="false" fetch="select" >
            <column name="conversationId" length="50" not-null="true" />
        </many-to-one>
        <many-to-one name="allDiscussionVip" class="com.model.AllDiscussionVip" lazy="false" fetch="select"  >
            <column name="VIPId" length="50" not-null="true" />
        </many-to-one>
        <property name="parentId" type="java.lang.String">
            <column name="parentId" length="50" not-null="true" />
        </property>
        <property name="context" type="java.lang.String">
            <column name="context" />
        </property>
        <property name="nowTime" type="java.sql.Timestamp">
            <column name="nowTime" length="23" not-null="true"/>
        </property>
        <property name="image" type="java.lang.String">
            <column name="image" length="20" />
        </property>
        <property name="goods" type="java.lang.Integer">
            <column name="goods" not-null="true" />
        </property>
        <property name="deleteFlag" type="java.lang.Integer">
            <column name="deleteFlag" not-null="true" />
        </property>
        <property name="title" type="java.lang.String">
            <column name="title" length="150" not-null="true" />
        </property>
        <property name="relyN" type="java.lang.Integer">
            <column name="relyN" not-null="true" />
        </property>
        <property name="updateTime" type="java.sql.Timestamp">
            <column name="updateTime" length="23" not-null="true"/>
        </property>
         <property name="level" type="java.lang.Integer">
            <column name="mylevel"/>
        </property>
        <set name="allDiscussionVips" inverse="true" table="allDiscussion_Collection" schema="dbo" catalog="AllDiscussion" >
            <key>
                <column name="cardsId" length="50" not-null="true" />
            </key>
            <many-to-many entity-name="com.model.AllDiscussionVip">
                <column name="VIPId" length="50" not-null="true" />
            </many-to-many>
        </set>
        <set name="allDiscussionRecrods" inverse="true">
            <key>
                <column name="cardsId" length="50" not-null="true" />
            </key>
            <one-to-many class="com.model.AllDiscussionRecrod" />
        </set>
    </class>
</hibernate-mapping>
