<?xml version="1.0" encoding="utf-8"?>
<!DOCTYPE hibernate-mapping PUBLIC "-//Hibernate/Hibernate Mapping DTD 3.0//EN"
"http://www.hibernate.org/dtd/hibernate-mapping-3.0.dtd">
<!-- 
    Mapping file autogenerated by MyEclipse Persistence Tools
-->
<hibernate-mapping>
    <class name="com.model.AllDiscussionChat" table="allDiscussion_Chat" schema="dbo" catalog="AllDiscussion">
        <id name="chatId" type="java.lang.String">
            <column name="chatId" length="50" />
            <generator class="uuid" />
        </id>
        <many-to-one name="allDiscussionVip" class="com.model.AllDiscussionVip" fetch="select">
            <column name="VIPId" length="50" not-null="true" />
        </many-to-one>
        <property name="parentId" type="java.lang.String">
            <column name="parentId" length="50" not-null="true" />
        </property>
        <property name="context" type="java.lang.String">
            <column name="context" />
        </property>
        <property name="image" type="java.lang.String">
            <column name="image" length="20" />
        </property>
        <property name="deleteFlag" type="java.lang.Integer">
            <column name="deleteFlag" not-null="true" />
        </property>
        <property name="time" type="java.sql.Timestamp">
            <column name="time" length="23" not-null="true" />
        </property>
    </class>
</hibernate-mapping>
