<?xml version="1.0" encoding="UTF-8" ?>
<!DOCTYPE struts PUBLIC
	    "-//Apache Software Foundation//DTD Struts Configuration 2.0//EN"
	    "http://struts.apache.org/dtds/struts-2.0.dtd">
<struts>

	<package name="struts2_login" extends="struts-default"
		namespace="/">
		<action name="loginAction" class="loginAction">
			<result name="login_success">/index.jsp</result>
			<result name="login_error">/index.jsp</result>
			<result name="register_success">/index.jsp</result>
			<result name="register_error">/index.jsp</result>
		</action>
		
		<action name="mainAction" class="mainAction">
			<interceptor-ref name="fileUpload">
				<!-- 配置允许上传的文件类型，多个用","分隔 -->
				<param name="allowedTypes">
					image/bmp,image/png,image/gif,image/jpeg,image/jpg
					,image/x-png, image/pjpeg
				</param>
				<param name="maximumSize">10240000</param>
			</interceptor-ref>
			<interceptor-ref name="defaultStack"></interceptor-ref>
			<param name="savePath">/image</param>
			
			<result name="makePublicCon_success">/index.jsp</result>
			<result name="makePublicCon_error">/index.jsp</result>
			<result name="makePublicCra_Remar_success">/index.jsp</result>
			<result name="showConversation_success">/showConversationJsp.jsp</result>
			<result name="preShowConversation_success">/showConversationJsp.jsp</result>
			<result name="preShowCard_success">/showCardsJsp.jsp</result>
			<result name="showPersonal_success">/index.jsp</result>
			<result name="showCard_success">/showCardsJsp.jsp</result>
			<result name="showRemark_success">/showRemarkJsp.jsp</result>
			<result name="preShowRemark_success">/showRemarkJsp.jsp</result>
			<result name="showRemarkRem_success">/showRemarkRemJsp.jsp</result>
			<result name="preShowRemarkRem_success">/showRemarkRemJsp.jsp</result>
			<result name="input">/index.jsp</result>
			
			
		</action>
		
		
		

	</package>

	<constant name="struts.objectFactory" value="spring"></constant>

</struts>